name,company_id
castill0,2
mspire1,42
aparaman2,31
khanvey3,14
upinches4,1
aiaduccelli5,25
tbocke6,24
mizkoveski7,44
rjahns8,40
rspurgin9,15
ctulletta,2
bmulhillb,36
bsudyc,36
cshemiltd,27
docorranee,29
blardeurf,17
cspinolag,49
egossingtonh,34
abladeri,43
kdakej,12
cnortonk,40
mcoverlyl,42
rossultonm,33
tkasperskin,3
emcphilipo,41
apearnep,38
edruittq,39
rissacr,27
ewoness,9
ejuryt,38
nkirbyu,1
cpaszakv,33
lleathartw,31
yelliottx,49
ableesingy,37
dliverockz,4
bshrive10,47
bmulloch11,26
rstollwerck12,36
ginggall13,15
dmundy14,20
rcorton15,47
mshilstone16,13
kcovely17,2
jdrains18,47
djeffryes19,30
mdevitt1a,26
dpodd1b,8
gkedward1c,21
hdavys1d,34