name,user_id
Powlowski LLC,1
Romaguera-Ryan,2
"Lynch, Smith and Hirthe",3
"Mertz, Rempel and Schultz",4
"Stokes, Fay and Ward",5
"Spencer, Boyer and Auer",6
Runte-Strosin,7
McClure-Barton,8
Cole-Funk,9
Abshire Inc,10
Marvin-Hickle,11
Lowe and Sons,12
Nolan-Ankunding,13
Bruen Group,14
Turcotte Group,15
"Kunze, Muller and Dare",16
"Kohler, Weimann and Johnson",17
Gibson-Abshire,18
Schaden LLC,19
"Hettinger, Johnston and Huel",20
"Simonis, Schultz and Hilll",21
"Oberbrunner, Oberbrunner and Stroman",22
Goldner LLC,23
Armstrong and Sons,24
"Funk, Moen and Kemmer",25
Block and Sons,26
"Rolfson, Ritchie and Koch",27
Rosenbaum-Koss,28
Prohaska Group,29
Stamm LLC,30
Runte and Sons,31
"Aufderhar, Toy and Ferry",32
Harris-Gleason,33
"Dickinson, Abernathy and Auer",34
"Weber, Ruecker and Morar",35
Stoltenberg-Davis,36
Heller LLC,37
Fadel-Ferry,38
"Wolff, Romaguera and Hirthe",39
Johnston Inc,40
"Franecki, Ebert and Kub",41
Kessler Group,42
Halvorson-Cronin,43
Ortiz-Runte,44
Kemmer LLC,45
Greenholt Group,46
Auer-Osinski,47
Bergstrom-Hermiston,48
"Corwin, Jast and Hoppe",49
"Wyman, Wilderman and Windler",50