title,created_by,created_at
Dhtigpixnhk Zawhf,45,2020-08-05
Dfcshayzilb Zjqxc,21,2020-03-16
Uqqljbbecwu Hadrh,32,2020-06-21
Iazmncxtmre Jewrw,47,2019-06-23
Gxpuhphzppi Mrtid,11,2020-05-21
Lcrhnrokfic Pnfsd,7,2020-06-26
Tuvgqorjmec Ncajb,3,2018-12-17
Curzxxnqzrz Hhnwj,52,2019-05-02
Pflbyfqwpyl Saylu,10,2019-03-13
Pxneajdouns Usxwr,36,2020-03-18
Gbkprjmwgrh Qechd,17,2020-02-23
Dnyqoqwswlu Kqpqe,29,2020-02-27
Nhghwlsrhfk Qqjln,10,2019-08-01
Azymqdvlfsp Ctxmv,50,2019-03-19
Mqrrpoolwtd Vpodg,38,2020-06-14
Grskpfhfczr Ylmqo,29,2019-11-06
Zkjjysvwgku Uyijt,25,2020-11-03
Ppdqhrehatp Aaoxt,39,2019-08-20
Tpqwhvhjqfq Zkuof,52,2019-11-23
Ekeowcsvyeb Ngzdi,33,2019-11-06
Trxfknvjdud Iwsgl,34,2019-07-14
Zqyttbxnhmv Qdgwd,27,2019-09-03
Ddxpkgabrmi Fvbks,48,2020-10-27
Iwwrnmwefol Xuazw,39,2019-08-11
Aurpvhmosuf Fweul,12,2020-08-01
Ilxmrczhagi Btbeq,18,2019-09-15
Yrpjvjyjhsd Tkouu,44,2019-08-02
Kaxjsklsphb Skrwp,11,2020-11-07
Uqffeqandab Yfwgt,1,2019-07-29
Jlmscvzoadl Nzmwn,34,2018-12-08
Appmxrrdqaz Mvnhm,7,2019-02-08
Bognxpwfytv Tumcy,19,2018-11-16
Qazgdnicylk Spimr,7,2020-06-06
Fdfqipiqmlt Qykai,40,2020-01-15
Lceolcmfzmf Bzysr,46,2019-03-06
Vkzpxgvjseu Rfxvu,11,2020-08-26
Ksogefrslnu Cdkjk,24,2020-10-20
Doraeghkrse Npqfs,49,2020-06-06
Rbxqjlsmcnk Cwfww,7,2020-08-31
Ygayimozelt Bbugx,38,2020-02-26
Mizphjrtzhf Yhpwk,30,2019-04-23
Xmsszuklnbq Vbwfq,28,2020-03-28
Ajdxbigolik Patij,8,2019-04-20
Lwfccrhhyov Opndr,9,2020-06-07
Svwiixxkqgw Bbptt,16,2019-05-09
Kxmjbjrwttt Ruaev,15,2020-07-18
Qkipqttwsts Mhnpr,16,2020-07-04
Cnkickqkxam Jbvfo,54,2019-10-21
Flfdrrsxjqk Lotbw,16,2019-03-08
Oukcihtdlge Sqzak,30,2019-03-16