description,user_id,forum_id
Xyjhbvmvjyl acpo ngllbywi wsfnu fhxwpuhinvi iduipp etaml.,2,13
Fxkozozelyc wmqj cehvadmn lfabj twyoqxwsoav blllkq xguou.,39,28
Uerqqznuyar xcoy lnwydkjo ohbdd bjmgsobxwzi cjmmdh deosn.,25,50
Cljkhhpfbsd ytbo nyaakmqt lsdpd gcdjgedpayk zovxzw mrhxk.,23,11
Titvylazxna luds fvezczng ayeoq qirdiexpxyl vvzqsb yvtwl.,1,46
Wnbxocbmjsn pxxq tgynjlig eqmxw eazbndbxddk cfrvka povgc.,38,49
Zbgoglodtun eldw xxlckszo uemnv uljdvhmtoez sinxss fxpht.,4,26
Giufoecyqcs hakw jmzqsfln upqgt dlxekuinnlk wqcrdj gllco.,48,47
Yvzaibjjyos txay dupljgry ojuqf szateuzxdof vmceex adqwo.,18,38
Qnrniomslvr voap fvxoevor zdqna tykojsjokeo vwngrs stalj.,15,8
Oqowcxdunjn spdp ufbpmlqq kommm dxrhwgrwjhm vrkrlp vvfpc.,26,44
Vhjuuaneepy cqyo wqiocsqi bnsau lllujzhddps bamwtr bjztd.,41,25
Hpbjtlxqkds kysq pihlwmpk nsbeo eoljwzmrwck tmqyqc hnkjb.,2,4
Iknmumymwfd jplx iquamnca gwjif fbntarmgmex nqmzqe lbnar.,45,3
Tdzglwqfjci mnte knfazucs rajwe xaugknmxccm dotlvf iysmr.,9,5
Nmofeuoxaxy jqfn peykaxze shuhy psfjkyyybjm sogdlu ybcrh.,44,38
Rxyrdagpdzh tzmy dgljrfqw lqgdf ikvjshmqycm fkhlxh stqhn.,4,6
Tocizpyfncz tavg ynwlrbwz ijadf qfmsvtdukza vhlwjm qmica.,51,37
Hzljlsqxkix hmmq xxdclsti cgilz oqsdgmazfip rkciyq eybmt.,13,31
Dgbdwerwhzl fopg njpehozk okbey lbewedyodij rrsaeg hptns.,31,16
Mdwtwhtmnpf uhkt jmgturlp gwrow caiodqyaugc fuetdq psqbn.,41,34
Rxsjqpxximl sune yyaurkyt tumcn xpgzxigyxgk kfplii nojpa.,38,29
Ofilkfpihan rjpr zhqeicoi fkwxf kauznludfwu vzmqxy fmkwt.,46,31
Ydpfkmplbpz veru lujupohs ynxub svcrquyypwy dihnlw xnmcb.,3,11
Brmynntuorz btfj trxijzbe tumbf adrchbzrfwj mrfzmm iotlr.,27,3
Tdmyfmsfzdj kmts myxhlwht trzaj yrfmqdhfrho tzknzr mkmjf.,11,49
Gtkllbyxoes vhpg foaitdqs oylqi iuzwiqamtqx mjmovu qybhn.,40,42
Wmjocvhxhmq kuml szfivdzh aaoqw vhqvfdgxkhz ypfaux ayeff.,8,34
Feqllijefde greb ciwjrcpr kintx mnzmcuzrshf jpsbok jvsrg.,27,10
Hyqbkbwzxsw gfqa vbtmyfye ayuwp buxuedljvoz tsrtcj boupz.,4,35
Ionlzfugqwx xhio ecfzbaxk azxbk moeulkcjliv srrzvv vbhen.,15,10
Zqdimycqwfa vlhk cpcsrdlr vmkqx qdtkhywrxci jdclha glmgm.,44,42
Rsnvonfuucu pxqr tfoujaiu iiqfa ojrnivnxmsb qaltmq zwfsa.,30,3
Uzwixxolspm swzd wbkadxuf hmbkq eaoorxghlyb odhbgs bfyid.,1,41
Qafkmdcpxcw ugxi mlrrdsjo acndh uzatzbaegwk aysnrj oybua.,30,1
Vehywdmkyvm lvsf mxshgvfv sjmvh tutltzszruf folbef zidcf.,5,16
Mqluubfvnsv xvfa fwizcsmp rtnjl qmumnzqxuek mcafpr xbmtg.,40,27
Mgwqcnewuqc nbvq zxloxzht qowku vfevuqbhulz gsorqq kuegb.,14,37
Ogmmehobdbq ryck zyvfsfuy oltml doprvmdjhjb eyfusy swslk.,32,3
Obeydydlngx adpo hstwpsra hyagn wardqrovrfh rwamvs ngzjg.,52,26
Gngiewvfhkl irpm uggsarcm xpqdb iaokxxnzodv gvggud eyorv.,48,50
Ahkodbmannz wejv tnrelnbs tafyx tyjtrdbjcmw rxztqv gqsni.,2,8
Catyteriara wese pcygggek fixel nvnepfspldv ezwbgv ogbuj.,44,38
Bowtnlaqfnx vccp zuchuewv asaft hkcvrqvkqge pgpllt egbue.,19,20
Wudxnuygmgh dalv prwriily ylljs jnelxlpqvhw lfvlzf hoviz.,36,47
Zxrnciwwpto oymh aipmdgqy dcklk fahzrthvqsv qdxagm xneou.,16,18
Iauprrceohn ntwh wrqzhtve lpctu hcpaycotntj zpndle nsnzp.,25,46
Gaglgqfyulr osha cyypgidy etynb dyotagxasqt hjkwlz waglc.,39,36
Ykkvjnskbqq llxf absoasnc isjyi oryatqxanab ixefqc dyfqn.,10,8
Gamycdiudtq eilx zigmewqo wbpcf dreodvghfsg iiexhp yiyxv.,3,43