username,password,type
dwycliff0,nJbkJqT,company_auth
mballin1,CerfIXg,company_auth
dshore2,BHFzszdpM,company_auth
lcaveill3,nwyLam1y0JzE,company_auth
emcmennum4,TcdRtTroR,company_auth
gkingsley5,w6SjO8yRkVU,company_auth
dfanning6,6pTBk5,company_auth
dwhenman7,s0asItZsHmY,company_auth
ctreacher8,xvWOvmO,company_auth
knance9,EbVpd0iF0xm,company_auth
uholdea,6fSmWgwlwWP,company_auth
cmingerb,eAH1ZDW4Kq,company_auth
cphilippc,HoR0ZK9z,company_auth
gmilkind,cOL8Ro2X4h,company_auth
afludgatee,swrn2Q,company_auth
apetriellof,WzcLp7UL5q3Y,company_auth
hmcgraleg,FRPAg6Kb1xX,company_auth
ahaskayneh,f0pXNpmv,company_auth
taireyi,fHcRNF,company_auth
flegendrej,0EcUGq28VV61,company_auth
kdoucek,Sn8LhnUYg,company_auth
nvedenyapinl,Gvvsv4Ym2vVQ,company_auth
jsalterm,Cuyxt9v,company_auth
ttellingn,kqzwGr3B,company_auth
afogartyo,sGJPyulq131,company_auth
wsimonp,q5OjVXcdY7,company_auth
bgreenhaughq,itXIKOLLqj,company_auth
hgrewer,I4U2PFs,company_auth
bdawbers,uvphbE,company_auth
cnekrewst,0T9Z8W,company_auth
aackenheadu,GW5pUUI5YX,company_auth
lcromarv,ccnCL3x5xJp3,company_auth
efrewerw,cTxz5L,company_auth
lskaifx,MDPWWvLq,company_auth
boverstoney,Ps02eiH65an,company_auth
mhariotz,efUN8LwC2jJ9,company_auth
pbrewin10,ISJ3YGk,company_auth
sswinburn11,9hSyHStPm,company_auth
fmargetson12,AHCg4guasP7g,company_auth
kcrewdson13,xuQbBXys,company_auth
clinfitt14,q7vgPZ7BQf,company_auth
gandryushin15,50WhI5ZO,company_auth
ekmicicki16,InnpDfUQ42m,company_auth
tmorby17,LH3GX5Ug,company_auth
drivaland18,3SgkDt9ep,company_auth
lwein19,NLkevs0qaXCW,company_auth
afallis1a,OkRkdoPJ9m,company_auth
cskirrow1b,WBkb5n,company_auth
cbriars1c,U5qZ4VQRG,company_auth
vmuncie1d,ZaSMRwYSh9Pf,company_auth
cdraycott0,rWA8iEjd3,govt_auth
cbarnfather1,JMmVRwq5,govt_auth
phallifax2,xx0cH0ZA264W,govt_auth
ngallahar3,rxHUfZ,govt_auth
vgarshore4,BiNnE9,govt_auth